feature,importance
addr2,0.2685082
card3,0.24694295
DeviceType,0.10276829
ProductCD,0.06559415
TransactionAmt,0.03598699
card4,0.034923114
tx_count_user,0.032889627
card2,0.030672533
card5,0.027682815
card1,0.027076893
addr1,0.025653144
is_new_merchant,0.023588767
hour_of_day,0.020391887
amount_deviation_ratio,0.020346947
is_weekend,0.019876698
unusual_time,0.01709701
is_night,0.0
