{
  "version": "v5_xg_20251109_154848",
  "timestamp": "20251109_154848",
  "note": "XGBoost- AUC: 0.7692 (+0.0337 improvement)",
  "model_type": "xg",
  "features_count": 17,
  "performance": 0.7691905479017868,
  "full_performance": {
    "roc_auc": 0.7691905479017868,
    "classification_report": {
      "0": {
        "precision": 0.9664261375025055,
        "recall": 0.998808845616034,
        "f1-score": 0.9823506940022921,
        "support": 19309.0
      },
      "1": {
        "precision": 0.4772727272727273,
        "recall": 0.030390738060781478,
        "f1-score": 0.05714285714285714,
        "support": 691.0
      },
      "accuracy": 0.96535,
      "macro avg": {
        "precision": 0.7218494323876163,
        "recall": 0.5145997918384078,
        "f1-score": 0.5197467755725746,
        "support": 20000.0
      },
      "weighted avg": {
        "precision": 0.9495258871790667,
        "recall": 0.96535,
        "f1-score": 0.9503847632387986,
        "support": 20000.0
      }
    },
    "confusion_matrix": [
      [
        19286,
        23
      ],
      [
        670,
        21
      ]
    ]
  }
}