feature,importance
addr2,0.27041692
card3,0.22708634
DeviceType,0.088206284
ProductCD,0.0740327
is_new_merchant,0.045759704
TransactionAmt,0.04143336
tx_count_user,0.037337072
card2,0.03512157
card4,0.033885043
card1,0.030414693
card5,0.029312445
addr1,0.02408985
hour_of_day,0.019854294
amount_deviation_ratio,0.01904878
is_weekend,0.012669228
unusual_time,0.011331679
is_night,0.0
